43674,2001-07-01,2001-07-08,83,3149.2584,251.9407,3479.9306,NULL
43676,2001-07-01,2001-07-08,17,17040.8246,1363.266,18830.1112,NULL
43695,2001-07-01,2001-07-08,27,47343.2903,3787.4632,52314.3358,NULL
43843,2001-08-01,2001-08-08,18,39677.4848,3174.1988,43843.6207,NULL
43853,2001-08-01,2001-08-08,11,31625.9064,2530.0725,34946.6266,NULL
43858,2001-08-01,2001-08-08,36,16463.34,1317.0672,18191.9907,NULL
43860,2001-08-01,2001-08-08,1,13216.0537,1057.2843,14603.7393,NULL
43862,2001-08-01,2001-08-08,99,37348.3786,2987.8703,41269.9584,NULL
43873,2001-08-01,2001-08-08,78,49671.5619,3973.725,54887.0759,NULL
43874,2001-08-01,2001-08-08,22,503.3507,40.2681,556.2026,NULL
43877,2001-08-01,2001-08-08,73,24713.954,1977.1163,27308.9192,NULL
43891,2001-08-01,2001-08-08,29,39078.9348,3126.3148,43182.223,NULL
43898,2001-08-01,2001-08-08,84,61357.26,4908.5808,67799.7723,NULL
43903,2001-08-01,2001-08-08,63,20.1865,1.6149,22.3061,NULL
43910,2001-08-01,2001-08-08,45,23342.4603,1867.3968,25793.4186,NULL
43913,2001-08-01,2001-08-08,40,44028.7185,3522.2975,48651.734,NULL
44075,2001-09-01,2001-09-08,92,31734.4314,2538.7545,35066.5467,NULL
44079,2001-09-01,2001-09-08,57,30844.8636,2467.5891,34083.5743,NULL
44082,2001-09-01,2001-09-08,47,2447.9928,195.8394,2705.032,NULL
44087,2001-09-01,2001-09-08,96,6033.0572,482.6446,6666.5282,NULL
44093,2001-09-01,2001-09-08,93,12773.6575,1021.8926,14114.8915,NULL
44109,2001-09-01,2001-09-08,91,16619.186,1329.5349,18364.2006,NULL
44120,2001-09-01,2001-09-08,75,32462.5044,2597.0004,35871.0674,NULL
44124,2001-09-01,2001-09-08,3,18555.8149,1484.4652,20504.1755,NULL
44126,2001-09-01,2001-09-08,20,17112.8246,1369.026,18909.6712,NULL
44129,2001-09-01,2001-09-08,54,66909.8758,5352.7901,73935.4128,NULL
44295,2001-10-01,2001-10-08,83,11362.6972,909.0158,12555.7804,NULL
44297,2001-10-01,2001-10-08,17,12270.5888,981.6471,13559.0006,NULL
44304,2001-10-01,2001-10-08,27,45098.4511,3607.8761,49833.7885,NULL
44487,2001-11-01,2001-11-08,18,50349.2562,4027.9405,55635.9281,NULL
44495,2001-11-01,2001-11-08,11,4890.3356,391.2268,5403.8208,NULL
44501,2001-11-01,2001-11-08,1,23646.0339,1891.6827,26128.8674,NULL
44502,2001-11-01,2001-11-08,36,21499.6482,1719.9719,23757.1113,NULL
44507,2001-11-01,2001-11-08,99,47317.1118,3785.3689,52285.4085,NULL
44516,2001-11-01,2001-11-08,74,503.3507,40.2681,556.2026,NULL
44519,2001-11-01,2001-11-08,22,2576.3544,206.1084,2846.8717,NULL
44520,2001-11-01,2001-11-08,78,69347.4011,5547.7921,76628.8782,NULL
44523,2001-11-01,2001-11-08,73,89317.6978,7145.4158,98696.056,NULL
44542,2001-11-01,2001-11-08,29,19506.5985,1560.5279,21554.7914,NULL
44543,2001-11-01,2001-11-08,58,453.7142,36.2971,501.3542,NULL
44547,2001-11-01,2001-11-08,84,83186.5195,6654.9216,91921.1041,NULL
44553,2001-11-01,2001-11-08,63,7289.9784,583.1983,8055.4262,NULL
44562,2001-11-01,2001-11-08,45,23157.4095,1852.5928,25588.9375,NULL
44566,2001-11-01,2001-11-08,40,45980.252,3678.4202,50808.1785,NULL
44741,2001-12-01,2001-12-08,92,4895.9856,391.6788,5410.064,NULL
44742,2001-12-01,2001-12-08,57,48130.6236,3850.4499,53184.3391,NULL
44746,2001-12-01,2001-12-08,47,17143.5433,1371.4835,18943.6154,NULL
44753,2001-12-01,2001-12-08,96,2813.4455,225.0756,3108.8572,NULL
44756,2001-12-01,2001-12-08,93,16873.1475,1349.8518,18644.828,NULL
44771,2001-12-01,2001-12-08,91,83612.7698,6689.0216,92392.1106,NULL
44787,2001-12-01,2001-12-08,75,55537.7044,4443.0164,61369.1634,NULL
44791,2001-12-01,2001-12-08,3,17419.6078,1393.5686,19248.6666,NULL
44792,2001-12-01,2001-12-08,20,41682.3454,3334.5876,46058.9916,NULL
44797,2001-12-01,2001-12-08,54,72135.9409,5770.8753,79710.2147,NULL
44802,2001-12-01,2001-12-08,26,5759.1727,460.7338,6363.8858,NULL
45054,2002-01-01,2002-01-08,83,15905.2315,1272.4185,17575.2808,NULL
45056,2002-01-01,2002-01-08,17,46381.2632,3710.5011,51251.2959,NULL
45077,2002-01-01,2002-01-08,27,22795.6274,1823.6502,25189.1683,NULL
45266,2002-02-01,2002-02-08,18,29483.7903,2358.7032,32579.5883,NULL
45276,2002-02-01,2002-02-08,11,7307.9784,584.6383,8075.3162,NULL
45283,2002-02-01,2002-02-08,1,34066.1881,2725.295,37643.1378,NULL
45285,2002-02-01,2002-02-08,36,17915.0587,1433.2047,19796.1399,NULL
45289,2002-02-01,2002-02-08,99,47872.4425,3829.7954,52899.049,NULL
45301,2002-02-01,2002-02-08,78,31933.0806,2554.6464,35286.054,NULL
45303,2002-02-01,2002-02-08,73,24472.1402,1957.7712,27041.7149,NULL
45319,2002-02-01,2002-02-08,29,17081.9496,1366.556,18875.5543,NULL
45323,2002-02-01,2002-02-08,84,46392.1747,3711.374,51263.3531,NULL
45330,2002-02-01,2002-02-08,63,74.8374,5.987,82.6953,NULL
45337,2002-02-01,2002-02-08,45,21245.2196,1699.6176,23475.9677,NULL
45341,2002-02-01,2002-02-08,40,41671.9421,3333.7554,46047.4961,NULL
45518,2002-03-01,2002-03-08,92,14615.9568,1169.2765,16150.6322,NULL
45520,2002-03-01,2002-03-08,57,37939.8406,3035.1872,41923.5238,NULL
45526,2002-03-01,2002-03-08,47,7320.3284,585.6263,8088.9629,NULL
45535,2002-03-01,2002-03-08,93,13483.5142,1078.6811,14899.2832,NULL
45549,2002-03-01,2002-03-08,91,60903.4059,4872.2725,67298.2635,NULL
45565,2002-03-01,2002-03-08,75,41450.6374,3316.051,45802.9543,NULL
45568,2002-03-01,2002-03-08,3,18285.6382,1462.8511,20205.6303,NULL
45570,2002-03-01,2002-03-08,20,38915.8848,3113.2708,43002.0527,NULL
45575,2002-03-01,2002-03-08,54,35274.8844,2821.9908,38978.7473,NULL
45578,2002-03-01,2002-03-08,26,4659.3105,372.7448,5148.5381,NULL
45794,2002-04-01,2002-04-08,83,13526.1295,1082.0904,14946.3731,NULL
45796,2002-04-01,2002-04-08,17,70911.2973,5672.9038,78356.9835,NULL
45801,2002-04-01,2002-04-08,27,64256.2347,5140.4988,71003.1394,NULL
46026,2002-05-01,2002-05-08,18,33537.9376,2683.035,37059.421,NULL
46035,2002-05-01,2002-05-08,11,14683.3568,1174.6685,16225.1092,NULL
46042,2002-05-01,2002-05-08,1,31423.5209,2513.8817,34722.9906,NULL
46043,2002-05-01,2002-05-08,36,22911.5815,1832.9265,25317.2975,NULL
46047,2002-05-01,2002-05-08,99,55798.8237,4463.9059,61657.7002,NULL
46057,2002-05-01,2002-05-08,78,74951.3202,5996.1056,82821.2088,NULL
46060,2002-05-01,2002-05-08,73,54681.316,4374.5053,60422.8542,NULL
46079,2002-05-01,2002-05-08,29,7302.3284,584.1863,8069.0729,NULL
46081,2002-05-01,2002-05-08,58,1006.7014,80.5361,1112.405,NULL
46086,2002-05-01,2002-05-08,84,60951.8607,4876.1489,67351.8061,NULL
46099,2002-05-01,2002-05-08,45,17400.8193,1392.0655,19227.9053,NULL
46103,2002-05-01,2002-05-08,40,78912.8198,6313.0256,87198.6659,NULL
46323,2002-06-01,2002-06-08,92,6395.6563,511.6525,7067.2002,NULL
46325,2002-06-01,2002-06-08,57,58483.931,4678.7145,64624.7438,NULL
46332,2002-06-01,2002-06-08,47,15964.0406,1277.1232,17640.2648,NULL
46336,2002-06-01,2002-06-08,96,503.3507,40.2681,556.2026,NULL
46341,2002-06-01,2002-06-08,93,30823.346,2465.8677,34059.7974,NULL
46356,2002-06-01,2002-06-08,91,70833.2692,5666.6615,78270.7624,NULL
46374,2002-06-01,2002-06-08,75,28015.6804,2241.2544,30957.3268,NULL
46377,2002-06-01,2002-06-08,3,11796.1804,943.6944,13034.7793,NULL
46379,2002-06-01,2002-06-08,20,8100.2201,648.0176,8950.7432,NULL
46385,2002-06-01,2002-06-08,54,55971.618,4477.7294,61848.6379,NULL
46388,2002-06-01,2002-06-08,26,3062.5853,245.0068,3384.1567,NULL
46613,2002-07-01,2002-07-08,7,3569.4338,285.5547,3944.2243,NULL
46631,2002-07-01,2002-07-08,17,8789.9444,703.1956,9712.8886,NULL
46637,2002-07-01,2002-07-08,27,258.0824,20.6466,285.1811,NULL
46642,2002-07-01,2002-07-08,4,118394.1258,9471.5301,130825.509,NULL
46661,2002-07-01,2002-07-08,94,1874.8661,149.9893,2071.7271,NULL
46672,2002-07-01,2002-07-08,81,79308.4763,6344.6781,87635.8663,NULL
46675,2002-07-01,2002-07-08,41,7155.3519,572.4282,7906.6639,NULL
46930,2002-08-01,2002-08-08,65,20080.6596,1606.4528,22189.1289,NULL
46931,2002-08-01,2002-08-08,18,58420.5745,4673.646,64554.7349,NULL
46953,2002-08-01,2002-08-08,12,79060.5774,6324.8462,87361.938,NULL
46961,2002-08-01,2002-08-08,36,400.1583,32.0127,442.175,NULL
46962,2002-08-01,2002-08-08,99,2982.8442,238.6275,3296.0428,NULL
46965,2002-08-01,2002-08-08,77,10524.4982,841.9599,11629.5706,NULL
46966,2002-08-01,2002-08-08,43,49264.4054,3941.1524,54437.1679,NULL
46976,2002-08-01,2002-08-08,2,9216.3596,737.3088,10184.0774,NULL
46978,2002-08-01,2002-08-08,56,394.627,31.5702,436.0629,NULL
46986,2002-08-01,2002-08-08,89,8714.5015,697.1601,9629.5241,NULL
46988,2002-08-01,2002-08-08,78,98105.7334,7848.4587,108406.8354,NULL
46989,2002-08-01,2002-08-08,22,2889.0273,231.1222,3192.3752,NULL
46990,2002-08-01,2002-08-08,73,1140.0954,91.2076,1259.8054,NULL
46992,2002-08-01,2002-08-08,97,70357.3956,5628.5916,77744.9221,NULL
46995,2002-08-01,2002-08-08,62,10481.4132,838.5131,11581.9616,NULL
47012,2002-08-01,2002-08-08,66,49941.1482,3995.2919,55184.9688,NULL
47022,2002-08-01,2002-08-08,58,563.7528,45.1002,622.9468,NULL
47037,2002-08-01,2002-08-08,84,62435.5912,4994.8473,68991.3283,NULL
47041,2002-08-01,2002-08-08,79,102780.9682,8222.4775,113572.9699,NULL
47044,2002-08-01,2002-08-08,63,208.4568,16.6765,230.3447,NULL
47053,2002-08-01,2002-08-08,45,32487.6654,2599.0132,35898.8702,NULL
47355,2002-09-01,2002-09-08,24,156958.1079,12556.6486,173438.7092,NULL
47356,2002-09-01,2002-09-08,67,767.5377,61.403,848.1291,NULL
47362,2002-09-01,2002-09-08,47,19726.0614,1578.0849,21797.2978,NULL
47374,2002-09-01,2002-09-08,23,34610.8543,2768.8683,38244.994,NULL
47381,2002-09-01,2002-09-08,30,743.33,59.4664,821.3797,NULL
47382,2002-09-01,2002-09-08,37,80.9089,6.4727,89.4043,NULL
47395,2002-09-01,2002-09-08,72,179754.1225,14380.3298,198628.3054,NULL
47411,2002-09-01,2002-09-08,10,45089.9298,3607.1944,49824.3724,NULL
47416,2002-09-01,2002-09-08,90,125373.5743,10029.8859,138537.7996,NULL
47428,2002-09-01,2002-09-08,39,3265.6222,261.2498,3608.5126,NULL
47431,2002-09-01,2002-09-08,25,339.1461,27.1317,374.7565,NULL
47434,2002-09-01,2002-09-08,61,44701.5392,3576.1231,49395.2008,NULL
47435,2002-09-01,2002-09-08,75,57315.1447,4585.2116,63333.2349,NULL
47436,2002-09-01,2002-09-08,5,20720.6175,1657.6494,22896.2823,NULL
47438,2002-09-01,2002-09-08,21,68309.5811,5464.7665,75482.0871,NULL
47439,2002-09-01,2002-09-08,3,71112.1316,5688.9705,78578.9054,NULL
47443,2002-09-01,2002-09-08,20,9047.7586,723.8207,9997.7733,NULL
47447,2002-09-01,2002-09-08,16,68272.1366,5461.7709,75440.7109,NULL
47450,2002-09-01,2002-09-08,54,79239.5655,6339.1652,87559.7198,NULL
47457,2002-09-01,2002-09-08,98,5953.4666,476.2773,6578.5806,NULL
47658,2002-10-01,2002-10-08,4,119637.8301,9571.0264,132199.8023,NULL
47667,2002-10-01,2002-10-08,7,2449.6033,195.9683,2706.8117,NULL
47684,2002-10-01,2002-10-08,17,1976.8849,158.1508,2184.4578,NULL
47692,2002-10-01,2002-10-08,41,4298.2665,343.8613,4749.5845,NULL
47711,2002-10-01,2002-10-08,94,55.3061,4.4245,61.1133,NULL
47725,2002-10-01,2002-10-08,81,52495.2243,4199.6179,58007.2228,NULL
47960,2002-11-01,2002-11-08,65,13809.9433,1104.7955,15259.9874,NULL
47962,2002-11-01,2002-11-08,18,46609.3285,3728.7463,51503.308,NULL
47980,2002-11-01,2002-11-08,12,27201.6262,2176.1301,30057.797,NULL
47983,2002-11-01,2002-11-08,36,563.7528,45.1002,622.9468,NULL
47989,2002-11-01,2002-11-08,77,8963.244,717.0595,9904.3846,NULL
47991,2002-11-01,2002-11-08,43,42446.7153,3395.7372,46903.6204,NULL
47997,2002-11-01,2002-11-08,2,4949.8589,395.9887,5469.5941,NULL
48011,2002-11-01,2002-11-08,89,9020.0448,721.6036,9967.1495,NULL
48012,2002-11-01,2002-11-08,78,61401.663,4912.133,67848.8376,NULL
48013,2002-11-01,2002-11-08,22,2464.7283,197.1783,2723.5248,NULL
48014,2002-11-01,2002-11-08,73,258.0824,20.6466,285.1811,NULL
48016,2002-11-01,2002-11-08,97,53053.5388,4244.2831,58624.1604,NULL
48020,2002-11-01,2002-11-08,62,9106.3446,728.5076,10062.5108,NULL
48036,2002-11-01,2002-11-08,66,41648.8292,3331.9063,46021.9562,NULL
48044,2002-11-01,2002-11-08,58,264.5428,21.1634,292.3198,NULL
48059,2002-11-01,2002-11-08,84,52785.0161,4222.8013,58327.4428,NULL
48065,2002-11-01,2002-11-08,79,94897.9708,7591.8377,104862.2578,NULL
48067,2002-11-01,2002-11-08,63,38.9935,3.1195,43.0878,NULL
48075,2002-11-01,2002-11-08,45,22672.8965,1813.8317,25053.5506,NULL
48092,2002-11-01,2002-11-08,9,290.1614,23.2129,320.6283,NULL
48295,2002-12-01,2002-12-08,24,95896.9769,7671.7582,105966.1595,NULL
48298,2002-12-01,2002-12-08,67,226.8571,18.1486,250.6771,NULL
48304,2002-12-01,2002-12-08,47,15180.7458,1214.4597,16774.7241,NULL
48313,2002-12-01,2002-12-08,23,15861.387,1268.911,17526.8327,NULL
48322,2002-12-01,2002-12-08,37,720.315,57.6252,795.9481,NULL
48324,2002-12-01,2002-12-08,30,2967.3919,237.3914,3278.9681,NULL
48336,2002-12-01,2002-12-08,72,121699.3439,9735.9475,134477.775,NULL
48350,2002-12-01,2002-12-08,10,42422.9572,3393.8366,46877.3677,NULL
48354,2002-12-01,2002-12-08,46,249.5428,19.9634,275.7448,NULL
48359,2002-12-01,2002-12-08,90,96887.1983,7750.9759,107060.3542,NULL
48367,2002-12-01,2002-12-08,39,3011.036,240.8829,3327.1948,NULL
48369,2002-12-01,2002-12-08,25,5399.6335,431.9707,5966.595,NULL
48373,2002-12-01,2002-12-08,61,45838.4917,3667.0793,50651.5333,NULL
48374,2002-12-01,2002-12-08,5,9479.102,758.3282,10474.4078,NULL
48375,2002-12-01,2002-12-08,75,36050.6989,2884.0559,39836.0223,NULL
48378,2002-12-01,2002-12-08,3,51198.5404,4095.8832,56574.3871,NULL
48380,2002-12-01,2002-12-08,21,40053.0304,3204.2424,44258.5986,NULL
48381,2002-12-01,2002-12-08,20,3589.4148,287.1532,3966.3034,NULL
48386,2002-12-01,2002-12-08,16,61719.8811,4937.5905,68200.4686,NULL
48392,2002-12-01,2002-12-08,54,60343.5778,4827.4862,66679.6534,NULL
48398,2002-12-01,2002-12-08,98,4450.7456,356.0596,4918.0738,NULL
48738,2003-01-01,2003-01-08,41,3946.2696,315.7016,4360.6279,NULL
48740,2003-01-01,2003-01-08,4,97037.566,7763.0053,107226.5105,NULL
48759,2003-01-01,2003-01-08,17,1524.7377,121.979,1684.8351,NULL
48765,2003-01-01,2003-01-08,7,1769.1174,141.5294,1954.8747,NULL
48766,2003-01-01,2003-01-08,81,44089.4675,3527.1574,48718.8616,NULL
48784,2003-01-01,2003-01-08,94,214.474,17.1579,236.9938,NULL
49039,2003-02-01,2003-02-08,65,6173.0313,493.8425,6821.1996,NULL
49040,2003-02-01,2003-02-08,18,20906.318,1672.5054,23101.4814,NULL
49050,2003-02-01,2003-02-08,36,310.1552,24.8124,342.7215,NULL
49054,2003-02-01,2003-02-08,2,1574.1247,125.93,1739.4078,NULL
49057,2003-02-01,2003-02-08,89,2818.764,225.5011,3114.7342,NULL
49058,2003-02-01,2003-02-08,78,45862.8147,3669.0252,50678.4103,NULL
49059,2003-02-01,2003-02-08,73,316.5759,25.3261,349.8164,NULL
49069,2003-02-01,2003-02-08,66,7151.5136,572.1211,7902.4225,NULL
49088,2003-02-01,2003-02-08,62,6765.0336,541.2027,7475.3621,NULL
49100,2003-02-01,2003-02-08,12,20749.6253,1659.97,22928.3359,NULL
49104,2003-02-01,2003-02-08,97,53525.5002,4282.04,59145.6777,NULL
49110,2003-02-01,2003-02-08,99,174.6585,13.9727,192.9977,NULL
49111,2003-02-01,2003-02-08,77,5073.7752,405.902,5606.5216,NULL
49114,2003-02-01,2003-02-08,43,39588.436,3167.0749,43745.2218,NULL
49130,2003-02-01,2003-02-08,22,1694.3961,135.5517,1872.3077,NULL
49140,2003-02-01,2003-02-08,84,25014.645,2001.1716,27641.1827,NULL
49147,2003-02-01,2003-02-08,79,98524.4156,7881.9532,108869.4792,NULL
49148,2003-02-01,2003-02-08,63,907.9127,72.633,1003.2435,NULL
49159,2003-02-01,2003-02-08,45,13126.7145,1050.1372,14505.0196,NULL
49170,2003-02-01,2003-02-08,9,4903.775,392.302,5418.6714,NULL
49452,2003-03-01,2003-03-08,67,1570.725,125.658,1735.6511,NULL
49454,2003-03-01,2003-03-08,47,7426.1405,594.0912,8205.8852,NULL
49458,2003-03-01,2003-03-08,30,244.2444,19.5396,269.8901,NULL
49467,2003-03-01,2003-03-08,10,45892.9666,3671.4373,50711.7281,NULL
49473,2003-03-01,2003-03-08,90,16399.2114,1311.9369,18121.1286,NULL
49479,2003-03-01,2003-03-08,72,96872.1497,7749.772,107043.7254,NULL
49489,2003-03-01,2003-03-08,23,13899.2597,1111.9408,15358.682,NULL
49490,2003-03-01,2003-03-08,24,52903.4089,4232.2727,58458.2668,NULL
49500,2003-03-01,2003-03-08,37,647.0509,51.7641,714.9913,NULL
49510,2003-03-01,2003-03-08,16,56471.7759,4517.7421,62401.3124,NULL
49518,2003-03-01,2003-03-08,54,37391.3383,2991.3071,41317.4289,NULL
49520,2003-03-01,2003-03-08,98,3098.8624,247.909,3424.243,NULL
49528,2003-03-01,2003-03-08,25,927.6788,74.2143,1025.0851,NULL
49529,2003-03-01,2003-03-08,39,510.095,40.8076,563.655,NULL
49532,2003-03-01,2003-03-08,61,48346.2337,3867.6987,53422.5882,NULL
49533,2003-03-01,2003-03-08,75,31785.8602,2542.8688,35123.3755,NULL
49534,2003-03-01,2003-03-08,5,8456.292,676.5034,9344.2027,NULL
49538,2003-03-01,2003-03-08,3,27899.9579,2231.9966,30829.4534,NULL
49539,2003-03-01,2003-03-08,20,4540.8975,363.2718,5017.6917,NULL
49540,2003-03-01,2003-03-08,21,20911.7426,1672.9394,23107.4756,NULL
49821,2003-04-01,2003-04-08,4,94133.8413,7530.7073,104017.8946,NULL
49838,2003-04-01,2003-04-08,41,7206.146,576.4917,7962.7914,NULL
49846,2003-04-01,2003-04-08,19,307.766,24.6213,340.0815,NULL
49861,2003-04-01,2003-04-08,7,1596.2947,127.7036,1763.9057,NULL
49865,2003-04-01,2003-04-08,81,51196.3776,4095.7102,56571.9972,NULL
49868,2003-04-01,2003-04-08,17,1785.9546,142.8764,1973.4799,NULL
49873,2003-04-01,2003-04-08,27,1515.7237,121.2579,1674.8747,NULL
49882,2003-04-01,2003-04-08,94,62.4874,4.999,69.0486,NULL
50189,2003-05-01,2003-05-08,18,36341.7591,2907.3407,40157.6438,NULL
50203,2003-05-01,2003-05-08,12,48405.2778,3872.4222,53487.8319,NULL
50210,2003-05-01,2003-05-08,43,44400.0944,3552.0076,49062.1044,NULL
50216,2003-05-01,2003-05-08,2,1751.5987,140.1279,1935.5166,NULL
50226,2003-05-01,2003-05-08,78,67533.6321,5402.6906,74624.6635,NULL
50230,2003-05-01,2003-05-08,62,9691.3881,775.311,10708.9838,NULL
50234,2003-05-01,2003-05-08,9,586.989,46.9591,648.6228,NULL
50245,2003-05-01,2003-05-08,66,37674.1504,3013.932,41629.9362,NULL
50255,2003-05-01,2003-05-08,58,45,3.6,49.725,NULL
50261,2003-05-01,2003-05-08,65,6513.3417,521.0673,7197.2425,NULL
50264,2003-05-01,2003-05-08,36,4712.175,376.974,5206.9534,NULL
50266,2003-05-01,2003-05-08,77,6629.2234,530.3379,7325.2919,NULL
50272,2003-05-01,2003-05-08,97,53829.6025,4306.3682,59481.7108,NULL
50273,2003-05-01,2003-05-08,99,917.9363,73.4349,1014.3196,NULL
50274,2003-05-01,2003-05-08,22,2694.4328,215.5546,2977.3482,NULL
50284,2003-05-01,2003-05-08,84,53601.5869,4288.127,59229.7536,NULL
50303,2003-05-01,2003-05-08,63,92.3002,7.384,101.9917,NULL
50304,2003-05-01,2003-05-08,79,111608.1328,8928.6506,123326.9867,NULL
50315,2003-05-01,2003-05-08,45,22810.3385,1824.8271,25205.4241,NULL
50663,2003-06-01,2003-06-08,24,106064.5962,8485.1677,117201.3788,NULL
50665,2003-06-01,2003-06-08,67,264.7138,21.1771,292.5087,NULL
50667,2003-06-01,2003-06-08,47,13689.3237,1095.1459,15126.7027,NULL
50683,2003-06-01,2003-06-08,72,127012.8505,10161.028,140349.1998,NULL
50698,2003-06-01,2003-06-08,10,31903.3672,2552.2694,35253.2208,NULL
50703,2003-06-01,2003-06-08,90,69739.4421,5579.1554,77062.0836,NULL
50710,2003-06-01,2003-06-08,30,947.1721,75.7738,1046.6252,NULL
50718,2003-06-01,2003-06-08,37,1687.712,135.017,1864.9218,NULL
50721,2003-06-01,2003-06-08,23,16724.7462,1337.9797,18480.8446,NULL
50722,2003-06-01,2003-06-08,16,59855.1036,4788.4083,66139.8895,NULL
50727,2003-06-01,2003-06-08,54,55291.3602,4423.3088,61096.953,NULL
50742,2003-06-01,2003-06-08,39,707.9243,56.6339,782.2563,NULL
50744,2003-06-01,2003-06-08,25,2396.3073,191.7046,2647.9196,NULL
50745,2003-06-01,2003-06-08,61,40726.9068,3258.1525,45003.232,NULL
50746,2003-06-01,2003-06-08,5,9134.6608,730.7729,10093.8002,NULL
50747,2003-06-01,2003-06-08,75,43429.8069,3474.3846,47989.9367,NULL
50748,2003-06-01,2003-06-08,3,47138.0027,3771.0402,52087.493,NULL
50749,2003-06-01,2003-06-08,21,31091.4079,2487.3126,34356.0057,NULL
50750,2003-06-01,2003-06-08,20,3324.583,265.9666,3673.6642,NULL
50759,2003-06-01,2003-06-08,98,1500.0442,120.0035,1657.5488,NULL
51084,2003-07-01,2003-07-08,34,30442.8217,2435.4257,33639.3179,NULL
51099,2003-07-01,2003-07-08,95,7051.2862,564.1029,7791.6713,NULL
51110,2003-07-01,2003-07-08,17,8051.8787,644.1503,8897.326,NULL
51115,2003-07-01,2003-07-08,27,3340.7856,267.2628,3691.568,NULL
51117,2003-07-01,2003-07-08,41,13878.9277,1110.3142,15336.2151,NULL
51122,2003-07-01,2003-07-08,4,73368.0931,5869.4474,81071.7428,NULL
51147,2003-07-01,2003-07-08,81,68519.4189,5481.5535,75713.9579,NULL
51159,2003-07-01,2003-07-08,94,578.1953,46.2556,638.9058,NULL
51161,2003-07-01,2003-07-08,86,7698.0411,615.8433,8506.3354,NULL
51691,2003-08-01,2003-08-08,18,39027.7694,3122.2216,43125.6852,NULL
51699,2003-08-01,2003-08-08,64,31187.7272,2495.0182,34462.4386,NULL
51701,2003-08-01,2003-08-08,80,3621.1406,289.6912,4001.3603,NULL
51702,2003-08-01,2003-08-08,28,1792.6524,143.4122,1980.8809,NULL
51703,2003-08-01,2003-08-08,12,61466.1143,4917.2891,67920.0563,NULL
51715,2003-08-01,2003-08-08,43,45155.5909,3612.4473,49896.928,NULL
51728,2003-08-01,2003-08-08,2,3534.1671,282.7334,3905.2547,NULL
51741,2003-08-01,2003-08-08,89,3579.3344,286.3468,3955.1646,NULL
51745,2003-08-01,2003-08-08,97,88272.4977,7061.7998,97541.1099,NULL
51746,2003-08-01,2003-08-08,62,6569.338,525.547,7259.1185,NULL
51750,2003-08-01,2003-08-08,68,8443.966,675.5173,9330.5825,NULL
51753,2003-08-01,2003-08-08,68,5467.3448,437.3876,6041.416,NULL
51758,2003-08-01,2003-08-08,9,1605.5854,128.4468,1774.1718,NULL
51781,2003-08-01,2003-08-08,65,7951.9106,636.1528,8786.8612,NULL
51795,2003-08-01,2003-08-08,77,9007.1636,720.5731,9952.9158,NULL
51799,2003-08-01,2003-08-08,99,853.6164,68.2893,943.2461,NULL
51802,2003-08-01,2003-08-08,56,4062.9312,325.0345,4489.539,NULL
51803,2003-08-01,2003-08-08,31,2118.62,169.4896,2341.0751,NULL
51807,2003-08-01,2003-08-08,22,4525.7364,362.0589,5000.9387,NULL
51811,2003-08-01,2003-08-08,70,440.1742,35.2139,486.3925,NULL
51814,2003-08-01,2003-08-08,87,82270.261,6581.6209,90908.6384,NULL
51824,2003-08-01,2003-08-08,63,64637.8917,5171.0313,71424.8703,NULL
51828,2003-08-01,2003-08-08,79,79107.8022,6328.6242,87414.1215,NULL
51831,2003-08-01,2003-08-08,45,24681.1524,1974.4922,27272.6734,NULL
51839,2003-08-01,2003-08-08,84,51280.969,4102.4775,56665.4707,NULL
51857,2003-08-01,2003-08-08,85,129696.2873,10375.703,143314.3975,NULL
51874,2003-08-01,2003-08-08,8,8703.4707,696.2777,9617.3352,NULL
53460,2003-09-01,2003-09-08,24,131115.8634,10489.2691,144883.0291,NULL
53461,2003-09-01,2003-09-08,67,1759.212,140.737,1943.9293,NULL
53463,2003-09-01,2003-09-08,47,3397.0785,271.7663,3753.7718,NULL
53479,2003-09-01,2003-09-08,49,271.6647,21.7332,300.1895,NULL
53487,2003-09-01,2003-09-08,37,1759.212,140.737,1943.9293,NULL
53488,2003-09-01,2003-09-08,30,81.4126,6.513,89.9609,NULL
53506,2003-09-01,2003-09-08,72,129038.6978,10323.0958,142587.761,NULL
53508,2003-09-01,2003-09-08,48,46602.5755,3728.206,51495.8459,NULL
53512,2003-09-01,2003-09-08,88,40488.5495,3239.084,44739.8472,NULL
53522,2003-09-01,2003-09-08,38,1817.2728,145.3818,2008.0864,NULL
53527,2003-09-01,2003-09-08,10,88901.8475,7112.1478,98236.5415,NULL
53530,2003-09-01,2003-09-08,90,92583.4094,7406.6728,102304.6674,NULL
53532,2003-09-01,2003-09-08,51,2624.076,209.9261,2899.604,NULL
53539,2003-09-01,2003-09-08,59,23900.2962,1912.0237,26409.8273,NULL
53552,2003-09-01,2003-09-08,23,8816.8154,705.3452,9742.581,NULL
53556,2003-09-01,2003-09-08,53,4888.7122,391.097,5402.027,NULL
53562,2003-09-01,2003-09-08,16,97700.8284,7816.0663,107959.4154,NULL
53566,2003-09-01,2003-09-08,15,76765.5159,6141.2413,84825.8951,NULL
53569,2003-09-01,2003-09-08,55,33631.7026,2690.5362,37163.0314,NULL
53570,2003-09-01,2003-09-08,54,76391.0449,6111.2836,84412.1046,NULL
53575,2003-09-01,2003-09-08,44,2621.1776,209.6942,2896.4012,NULL
53577,2003-09-01,2003-09-08,52,58168.706,4653.4965,64276.4202,NULL
53579,2003-09-01,2003-09-08,33,1535.3594,122.8288,1696.5722,NULL
53583,2003-09-01,2003-09-08,75,62173.9157,4973.9133,68702.1769,NULL
53584,2003-09-01,2003-09-08,20,4481.3562,358.5085,4951.8986,NULL
53588,2003-09-01,2003-09-08,69,67.7618,5.4209,74.8767,NULL
53589,2003-09-01,2003-09-08,25,1323.3866,105.8709,1462.3422,NULL
53591,2003-09-01,2003-09-08,39,1224.7128,97.977,1353.3076,NULL
53596,2003-09-01,2003-09-08,6,59.9326,4.7946,66.2255,NULL
53606,2003-09-01,2003-09-08,61,55827.1845,4466.1748,61689.0389,NULL
53607,2003-09-01,2003-09-08,5,18463.4533,1477.0763,20402.1159,NULL
53608,2003-09-01,2003-09-08,14,2091.01,167.2808,2310.5661,NULL
53609,2003-09-01,2003-09-08,14,3188.7342,255.0987,3523.5513,NULL
53614,2003-09-01,2003-09-08,21,73985.9425,5918.8754,81754.4665,NULL
53616,2003-09-01,2003-09-08,3,83436.1754,6674.894,92196.9738,NULL
53625,2003-09-01,2003-09-08,98,2707.7928,216.6234,2992.111,NULL
55233,2003-10-01,2003-10-08,4,73455.3404,5876.4272,81168.1511,NULL
55236,2003-10-01,2003-10-08,34,30788.3093,2463.0647,34021.0817,NULL
55247,2003-10-01,2003-10-08,95,5716.9368,457.3549,6317.2151,NULL
55260,2003-10-01,2003-10-08,17,9724.7221,777.9778,10745.818,NULL
55265,2003-10-01,2003-10-08,41,7902.8259,632.2261,8732.6226,NULL
55267,2003-10-01,2003-10-08,27,135.4052,10.8324,149.6227,NULL
55293,2003-10-01,2003-10-08,86,11048.9678,883.9174,12209.1094,NULL
55316,2003-10-01,2003-10-08,50,144,11.52,159.12,NULL
55319,2003-10-01,2003-10-08,94,586.191,46.8953,647.7411,NULL
55328,2003-10-01,2003-10-08,81,37843.7026,3027.4962,41817.2914,NULL
57015,2003-11-01,2003-11-08,18,40669.2585,3253.5407,44939.5307,NULL
57019,2003-11-01,2003-11-08,64,29348.0294,2347.8424,32429.5725,NULL
57021,2003-11-01,2003-11-08,28,240.4415,19.2353,265.6878,NULL
57023,2003-11-01,2003-11-08,12,42687.3909,3414.9913,47169.567,NULL
57035,2003-11-01,2003-11-08,77,3456.4352,276.5148,3819.3609,NULL
57036,2003-11-01,2003-11-08,43,45603.3022,3648.2642,50391.649,NULL
57044,2003-11-01,2003-11-08,2,4106.6501,328.532,4537.8484,NULL
57060,2003-11-01,2003-11-08,89,3778.7072,302.2966,4175.4715,NULL
57062,2003-11-01,2003-11-08,97,75316.4582,6025.3167,83224.6864,NULL
57064,2003-11-01,2003-11-08,62,10125.4979,810.0398,11188.6751,NULL
57066,2003-11-01,2003-11-08,68,3794.4946,303.5596,4192.9166,NULL
57069,2003-11-01,2003-11-08,68,7883.3643,630.6691,8711.1175,NULL
57072,2003-11-01,2003-11-08,9,3221.8384,257.7471,3560.1315,NULL
57100,2003-11-01,2003-11-08,65,1204.443,96.3554,1330.9095,NULL
57107,2003-11-01,2003-11-08,80,5149.5912,411.9673,5690.2983,NULL
57108,2003-11-01,2003-11-08,99,406.7928,32.5434,449.506,NULL
57110,2003-11-01,2003-11-08,56,6931.1122,554.489,7658.879,NULL
57113,2003-11-01,2003-11-08,22,5458.6052,436.6884,6031.7587,NULL
57118,2003-11-01,2003-11-08,63,36573.6581,2925.8926,40413.8922,NULL
57121,2003-11-01,2003-11-08,79,61331.3193,4906.5055,67771.1078,NULL
57122,2003-11-01,2003-11-08,84,32787.9935,2623.0395,36230.7328,NULL
57126,2003-11-01,2003-11-08,45,31040.1335,2483.2107,34299.3475,NULL
57127,2003-11-01,2003-11-08,87,30865.2827,2469.2226,34106.1374,NULL
57150,2003-11-01,2003-11-08,85,147005.5826,11760.4466,162441.1688,NULL
57183,2003-11-01,2003-11-08,70,1759.212,140.737,1943.9293,NULL
57190,2003-11-01,2003-11-08,8,8888.6076,711.0886,9821.9114,NULL
58909,2003-12-01,2003-12-08,24,89298.2986,7143.8639,98674.62,NULL
58912,2003-12-01,2003-12-08,67,388.7928,31.1034,429.616,NULL
58913,2003-12-01,2003-12-08,47,10050.8373,804.067,11106.1752,NULL
58933,2003-12-01,2003-12-08,37,1555.3812,124.4305,1718.6962,NULL
58945,2003-12-01,2003-12-08,53,4000.4064,320.0325,4420.4491,NULL
58950,2003-12-01,2003-12-08,72,86699.2852,6935.9428,95802.7101,NULL
58956,2003-12-01,2003-12-08,48,60978.8512,4878.3081,67381.6306,NULL
58959,2003-12-01,2003-12-08,88,34712.3566,2776.9885,38357.154,NULL
58966,2003-12-01,2003-12-08,38,2785.5144,222.8412,3077.9935,NULL
58972,2003-12-01,2003-12-08,10,97077.5808,7766.2065,107270.7268,NULL
58974,2003-12-01,2003-12-08,90,41529.6648,3322.3732,45890.2796,NULL
58977,2003-12-01,2003-12-08,59,12093.132,967.4506,13362.9109,NULL
58992,2003-12-01,2003-12-08,23,4396.1811,351.6945,4857.7801,NULL
59002,2003-12-01,2003-12-08,30,499.0856,39.9268,551.4895,NULL
59004,2003-12-01,2003-12-08,33,1670.3928,133.6314,1845.784,NULL
59008,2003-12-01,2003-12-08,52,64373.0032,5149.8403,71132.1686,NULL
59011,2003-12-01,2003-12-08,3,40109.0555,3208.7244,44320.5063,NULL
59013,2003-12-01,2003-12-08,75,36919.2295,2953.5384,40795.7486,NULL
59014,2003-12-01,2003-12-08,5,18431.5666,1474.5253,20366.8811,NULL
59017,2003-12-01,2003-12-08,25,2495.4706,199.6376,2757.495,NULL
59018,2003-12-01,2003-12-08,15,48415.5983,3873.2479,53499.2362,NULL
59019,2003-12-01,2003-12-08,20,2386.8583,190.9487,2637.4785,NULL
59023,2003-12-01,2003-12-08,61,41437.7108,3315.0169,45788.6705,NULL
59024,2003-12-01,2003-12-08,44,6057.1368,484.5709,6693.1361,NULL
59027,2003-12-01,2003-12-08,21,47917.8874,3833.431,52949.2656,NULL
59030,2003-12-01,2003-12-08,6,545.0322,43.6026,602.2606,NULL
59033,2003-12-01,2003-12-08,14,967.822,77.4258,1069.4434,NULL
59051,2003-12-01,2003-12-08,39,499.0856,39.9268,551.4895,NULL
59053,2003-12-01,2003-12-08,14,402.222,32.1778,444.4554,NULL
59062,2003-12-01,2003-12-08,69,28.9636,2.3171,32.0048,NULL
59063,2003-12-01,2003-12-08,16,69085.5642,5526.8451,76339.5484,NULL
59066,2003-12-01,2003-12-08,55,29935.0196,2394.8016,33078.1967,NULL
59074,2003-12-01,2003-12-08,54,43730.7185,3498.4575,48322.444,NULL
59076,2003-12-01,2003-12-08,98,5174.2459,413.9397,5717.5417,NULL
61175,2004-01-01,2004-01-08,34,30966.9005,2477.352,34218.425,NULL
61193,2004-01-01,2004-01-08,4,67414.7924,5393.1834,74493.3456,NULL
61212,2004-01-01,2004-01-08,95,9684.4896,774.7592,10701.361,NULL
61223,2004-01-01,2004-01-08,17,1834.3668,146.7493,2026.9753,NULL
61228,2004-01-01,2004-01-08,81,26600.2831,2128.0226,29393.3128,NULL
61236,2004-01-01,2004-01-08,41,16445.3013,1315.6241,18172.0579,NULL
61254,2004-01-01,2004-01-08,86,9651.636,772.1309,10665.0578,NULL
61261,2004-01-01,2004-01-08,94,41.275,3.302,45.6089,NULL
63120,2004-02-01,2004-02-08,65,227.4675,18.1974,251.3516,NULL
63123,2004-02-01,2004-02-08,18,17541.7064,1403.3365,19383.5856,NULL
63128,2004-02-01,2004-02-08,64,23269.3142,1861.5451,25712.5922,NULL
63139,2004-02-01,2004-02-08,28,435.7706,34.8616,481.5265,NULL
63141,2004-02-01,2004-02-08,12,4720.3618,377.6289,5215.9997,NULL
63147,2004-02-01,2004-02-08,36,59.9252,4.794,66.2173,NULL
63162,2004-02-01,2004-02-08,22,361.5862,28.9269,399.5528,NULL
63163,2004-02-01,2004-02-08,89,4963.5002,397.08,5484.6677,NULL
63166,2004-02-01,2004-02-08,68,4510.0224,360.8018,4983.5748,NULL
63185,2004-02-01,2004-02-08,80,1716.5304,137.3224,1896.7661,NULL
63189,2004-02-01,2004-02-08,99,2093.9171,167.5134,2313.7784,NULL
63192,2004-02-01,2004-02-08,77,1371.9621,109.757,1516.0182,NULL
63196,2004-02-01,2004-02-08,56,2002.2984,160.1839,2212.5398,NULL
63198,2004-02-01,2004-02-08,2,3668.7336,293.4987,4053.9506,NULL
63202,2004-02-01,2004-02-08,43,25463.7967,2037.1037,28137.4953,NULL
63211,2004-02-01,2004-02-08,68,4156.7977,332.5438,4593.2614,NULL
63213,2004-02-01,2004-02-08,97,72138.3335,5771.0667,79712.8585,NULL
63220,2004-02-01,2004-02-08,8,5571.0288,445.6823,6155.9868,NULL
63222,2004-02-01,2004-02-08,87,29810.3853,2384.8308,32940.4757,NULL
63228,2004-02-01,2004-02-08,62,10765.8042,861.2643,11896.2136,NULL
63231,2004-02-01,2004-02-08,70,1759.212,140.737,1943.9293,NULL
63234,2004-02-01,2004-02-08,9,632.4859,50.5989,698.8969,NULL
63239,2004-02-01,2004-02-08,84,18169.8968,1453.5917,20077.7359,NULL
63245,2004-02-01,2004-02-08,63,30427.5433,2434.2035,33622.4354,NULL
63246,2004-02-01,2004-02-08,45,12996.2731,1039.7018,14360.8817,NULL
63257,2004-02-01,2004-02-08,79,65109.0833,5208.7267,71945.5371,NULL
63284,2004-02-01,2004-02-08,85,129896.1012,10391.6881,143535.1918,NULL
65090,2004-02-29,2004-03-08,14,98.774,7.9019,109.1453,NULL
65160,2004-03-01,2004-03-08,24,65164.7126,5213.177,72007.0074,NULL
65161,2004-03-01,2004-03-08,59,5263.6824,421.0946,5816.3691,NULL
65171,2004-03-01,2004-03-08,47,5594.0874,447.527,6181.4666,NULL
65180,2004-03-01,2004-03-08,23,10460.2788,836.8223,11558.6081,NULL
65186,2004-03-01,2004-03-08,49,119.976,9.5981,132.5735,NULL
65192,2004-03-01,2004-03-08,30,441.5482,35.3239,487.9108,NULL
65194,2004-03-01,2004-03-08,53,15061.2264,1204.8981,16642.6552,NULL
65203,2004-03-01,2004-03-08,38,4502.0448,360.1636,4974.7595,NULL
65206,2004-03-01,2004-03-08,10,83047.2353,6643.7788,91767.195,NULL
65210,2004-03-01,2004-03-08,90,17054.9125,1364.393,18845.6783,NULL
65224,2004-03-01,2004-03-08,88,31386.1414,2510.8913,34681.6862,NULL
65225,2004-03-01,2004-03-08,37,806.7528,64.5402,891.4618,NULL
65236,2004-03-01,2004-03-08,54,22649.9914,1811.9993,25028.2405,NULL
65237,2004-03-01,2004-03-08,72,64735.5898,5178.8472,71532.8267,NULL
65243,2004-03-01,2004-03-08,48,20751.2008,1660.0961,22930.0769,NULL
65246,2004-03-01,2004-03-08,98,3577.7466,286.2197,3953.41,NULL
65268,2004-03-01,2004-03-08,55,35189.5494,2815.164,38884.4521,NULL
65270,2004-03-01,2004-03-08,20,1879.8603,150.3888,2077.2456,NULL
65271,2004-03-01,2004-03-08,16,66802.886,5344.2309,73817.1891,NULL
65273,2004-03-01,2004-03-08,15,15777.1566,1262.1725,17433.758,NULL
65274,2004-03-01,2004-03-08,51,246.7308,19.7385,272.6376,NULL
65279,2004-03-01,2004-03-08,25,1853.5055,148.2804,2048.1235,NULL
65282,2004-03-01,2004-03-08,52,62662.711,5013.0169,69242.2957,NULL
65287,2004-03-01,2004-03-08,6,559.0108,44.7209,617.707,NULL
65288,2004-03-01,2004-03-08,44,7773.6672,621.8934,8589.9023,NULL
65301,2004-03-01,2004-03-08,39,11.687,0.935,12.9142,NULL
65303,2004-03-01,2004-03-08,61,69812.5705,5585.0056,77142.8904,NULL
65305,2004-03-01,2004-03-08,14,318.4545,25.4764,351.8923,NULL
65306,2004-03-01,2004-03-08,75,26747.2886,2139.7831,29555.7539,NULL
65307,2004-03-01,2004-03-08,5,7950.2303,636.0184,8785.0045,NULL
65310,2004-03-01,2004-03-08,3,15431.5196,1234.5216,17051.8292,NULL
65315,2004-03-01,2004-03-08,21,28758.6524,2300.6922,31778.3109,NULL
65317,2004-03-01,2004-03-08,69,1979.2484,158.3399,2187.0695,NULL
65318,2004-03-01,2004-03-08,33,1670.3928,133.6314,1845.784,NULL
67261,2004-04-01,2004-04-08,34,34833.5711,2786.6857,38491.0961,NULL
67283,2004-04-01,2004-04-08,17,636.1415,50.8913,702.9363,NULL
67290,2004-04-01,2004-04-08,41,11482.7671,918.6214,12688.4577,NULL
67292,2004-04-01,2004-04-08,4,62472.63,4997.8104,69032.2562,NULL
67311,2004-04-01,2004-04-08,95,11368.1664,909.4533,12561.8239,NULL
67313,2004-04-01,2004-04-08,27,998.704,79.8963,1103.5679,NULL
67329,2004-04-01,2004-04-08,86,9286.1751,742.894,10261.2235,NULL
67330,2004-04-01,2004-04-08,94,866.0886,69.2871,957.0279,NULL
67349,2004-04-01,2004-04-08,81,44000.7521,3520.0602,48620.8311,NULL
69309,2004-04-30,2004-05-08,68,7044.9698,563.5976,7784.6916,NULL
69389,2004-05-01,2004-05-08,65,6006.9799,480.5584,6637.7128,NULL
69393,2004-05-01,2004-05-08,18,39059.504,3124.7603,43160.7519,NULL
69397,2004-05-01,2004-05-08,64,31548.659,2523.8927,34861.2682,NULL
69398,2004-05-01,2004-05-08,28,1002.4495,80.196,1107.7067,NULL
69401,2004-05-01,2004-05-08,12,21607.0277,1728.5622,23875.7656,NULL
69402,2004-05-01,2004-05-08,36,440.1742,35.2139,486.3925,NULL
69403,2004-05-01,2004-05-08,80,2591.2224,207.2978,2863.3008,NULL
69411,2004-05-01,2004-05-08,77,4455.1461,356.4117,4922.9365,NULL
69413,2004-05-01,2004-05-08,43,32170.7806,2573.6624,35548.7125,NULL
69427,2004-05-01,2004-05-08,31,440.1742,35.2139,486.3925,NULL
69441,2004-05-01,2004-05-08,97,81869.0597,6549.5248,90465.311,NULL
69443,2004-05-01,2004-05-08,62,16304.2552,1304.3404,18016.202,NULL
69445,2004-05-01,2004-05-08,68,7664.1221,613.1298,8468.855,NULL
69452,2004-05-01,2004-05-08,9,4148.3876,331.871,4583.9683,NULL
69485,2004-05-01,2004-05-08,99,4120.0812,329.6065,4552.6897,NULL
69487,2004-05-01,2004-05-08,56,6213.4518,497.0761,6865.8642,NULL
69488,2004-05-01,2004-05-08,2,822.009,65.7607,908.3199,NULL
69493,2004-05-01,2004-05-08,89,6352.458,508.1966,7019.4661,NULL
69495,2004-05-01,2004-05-08,22,2961.1864,236.8949,3272.111,NULL
69503,2004-05-01,2004-05-08,79,73621.6694,5889.7336,81351.9447,NULL
69513,2004-05-01,2004-05-08,45,25120.4661,2009.6373,27758.1151,NULL
69518,2004-05-01,2004-05-08,63,40902.6757,3272.2141,45197.4567,NULL
69522,2004-05-01,2004-05-08,84,30149.6872,2411.975,33315.4044,NULL
69531,2004-05-01,2004-05-08,85,135261.3254,10820.906,149463.7645,NULL
69550,2004-05-01,2004-05-08,87,50144.5302,4011.5624,55409.7059,NULL
69565,2004-05-01,2004-05-08,8,4293.256,343.4605,4744.0479,NULL
71692,2004-05-31,2004-06-08,14,197.548,15.8038,218.2905,NULL
71783,2004-06-01,2004-06-08,24,83858.4261,6708.6741,92663.5609,NULL
71786,2004-06-01,2004-06-08,47,4214.6556,337.1724,4657.1944,NULL
71824,2004-06-01,2004-06-08,72,104178.6558,8334.2925,115117.4147,NULL
71828,2004-06-01,2004-06-08,48,47560.0656,3804.8052,52553.8724,NULL
71832,2004-06-01,2004-06-08,88,35775.2113,2862.0169,39531.6085,NULL
71841,2004-06-01,2004-06-08,10,102044.1343,8163.5307,112758.7684,NULL
71844,2004-06-01,2004-06-08,90,43508.9681,3480.7174,48077.4097,NULL
71848,2004-06-01,2004-06-08,59,15084.057,1206.7246,16667.883,NULL
71855,2004-06-01,2004-06-08,67,388.7928,31.1034,429.616,NULL
71859,2004-06-01,2004-06-08,23,7831.7987,626.5439,8654.1376,NULL
71861,2004-06-01,2004-06-08,37,2199.3862,175.9509,2430.3218,NULL
71865,2004-06-01,2004-06-08,49,262.6493,21.0119,290.2274,NULL
71868,2004-06-01,2004-06-08,30,1749.027,139.9222,1932.6749,NULL
71873,2004-06-01,2004-06-08,53,5376.7368,430.1389,5941.2941,NULL
71881,2004-06-01,2004-06-08,21,45182.3339,3614.5867,49926.4789,NULL
71882,2004-06-01,2004-06-08,75,38932.6526,3114.6122,43020.5811,NULL
71888,2004-06-01,2004-06-08,44,5215.2984,417.2239,5762.9048,NULL
71889,2004-06-01,2004-06-08,3,31559.7518,2524.7801,34873.5257,NULL
71890,2004-06-01,2004-06-08,5,10729.5078,858.3606,11856.1061,NULL
71898,2004-06-01,2004-06-08,52,63980.9884,5118.4791,70698.9922,NULL
71899,2004-06-01,2004-06-08,25,2415.6727,193.2538,2669.3183,NULL
71902,2004-06-01,2004-06-08,61,74058.8078,5924.7046,81834.9826,NULL
71905,2004-06-01,2004-06-08,51,5149.5912,411.9673,5690.2983,NULL
71910,2004-06-01,2004-06-08,14,694.4405,55.5552,767.3567,NULL
71912,2004-06-01,2004-06-08,39,3596.3312,287.7065,3973.946,NULL
71915,2004-06-01,2004-06-08,6,2137.231,170.9785,2361.6403,NULL
71919,2004-06-01,2004-06-08,38,2785.5144,222.8412,3077.9935,NULL
71932,2004-06-01,2004-06-08,20,657.304,52.5843,726.3209,NULL
71933,2004-06-01,2004-06-08,15,35092.7264,2807.4181,38777.4627,NULL
71934,2004-06-01,2004-06-08,33,424.9744,33.998,469.5968,NULL
71937,2004-06-01,2004-06-08,69,1439.6404,115.1712,1590.8026,NULL
71938,2004-06-01,2004-06-08,16,88812.8625,7105.029,98138.2131,NULL
71943,2004-06-01,2004-06-08,55,42877.1806,3430.1744,47379.2845,NULL
71949,2004-06-01,2004-06-08,54,40674.3338,3253.9467,44945.1388,NULL
71950,2004-06-01,2004-06-08,98,3714.2271,297.1382,4104.221,NULL